순위,닉네임,레벨,직업,길드,아이템 환산,헥사 환산
1,도적,288,듀얼블레이드,지존,"117,284","117,031"
2,아델,290,아델,리더,"116,615","116,456"
3,노노,292,"아크메이지(불,독)",반달,"116,356","116,356"
4,감팡검,293,아델,허니,"115,960","115,960"
5,진격캐넌,293,캐논슈터,스타,"115,546","115,546"
6,쯔단,293,캐논슈터,루루,"115,540","115,540"
7,후니,292,나이트로드,사랑,"114,543","114,543"
8,세계,294,윈드브레이커,디즈니,"114,532","114,532"
9,건물주,291,팬텀,반달,"114,268","114,268"
10,꾸장,295,나이트로드,디즈니,"113,959","113,959"
11,동정녀,293,나이트워커,지존,"113,764","113,764"
12,패릿,292,아델,사랑,"113,520","113,520"
13,공주,295,비숍,욘석들,"113,431","113,431"
14,정슈붕,290,히어로,스타,"113,339","113,314"
15,맑음,293,제논,지존,"113,141","113,141"
16,아크,290,아크,루루,"113,497","113,085"
17,알티,291,카데나,리더,"113,006","113,006"
18,카키,294,팬텀,사랑,"112,947","112,947"
19,착한아이,290,에반,BOSS,"112,772","112,772"
20,뚱달콤,291,아란,BOSS,"112,798","112,739"
21,초코빵내꺼야,295,카데나,디즈니,"112,610","112,610"
22,서루운,290,히어로,Easter,"112,527","112,527"
23,팀에이컴퍼니,293,다크나이트,TheQuBic,"112,461","112,461"
24,윈드,291,윈드브레이커,사랑,"112,422","112,422"
25,치어,291,듀얼블레이드,리더,"112,617","112,277"
26,유진,290,팔라딘,욘석들,"112,271","112,271"
27,고딩,292,히어로,지존,"112,307","112,268"
28,수호,290,아크,지존,"113,132","112,212"
29,쿠로미,290,엔젤릭버스터,지존,"112,555","112,085"
30,조선우,290,데몬어벤져,사랑,"112,007","112,007"
31,스프,290,나이트로드,뉴프랜,"112,688","111,956"
32,종효,293,나이트로드,BOSS,"111,936","111,936"
33,냉은,293,은월,반달,"112,236","111,901"
34,동글,292,비숍,반달,"111,999","111,833"
35,츠르,290,히어로,하트,"111,779","111,520"
36,비숍,293,비숍,디즈니,"111,506","111,506"
37,간디,291,듀얼블레이드,아트,"111,479","111,479"
38,개화,285,메르세데스,리더,"114,118","111,467"
39,이상,293,듀얼블레이드,반달,"111,367","111,367"
40,버텨,287,비숍,이별,"111,411","111,325"
41,든기,294,팔라딘,지존,"111,321","111,321"
42,나꼬생각,291,호영,악동,"111,387","111,288"
43,휴씨엔버,294,엔젤릭버스터,szsz,"111,343","111,222"
44,차트,291,나이트로드,반달,"111,220","111,220"
45,Rudolf,291,다크나이트,지존,"111,187","111,187"
46,츠나,287,"아크메이지(불,독)",MOON,"111,129","111,129"
47,드팰,293,히어로,달치즈,"111,102","111,102"
48,반로,290,나이트워커,심쿵,"111,460","111,069"
49,에브,292,"아크메이지(불,독)",지존,"111,046","111,046"
50,여명,291,나이트워커,지존,"111,908","110,987"
51,헐다운,292,루미너스,뿔뿔,"111,253","110,957"
52,최강,291,나이트로드,새벽,"110,866","110,866"
53,겨울,293,"아크메이지(불,독)",사랑,"110,943","110,832"
54,순망,291,섀도어,피너,"110,824","110,824"
55,헬롱,291,호영,BOSS,"110,799","110,799"
56,애인,292,소울마스터,디즈니,"110,739","110,739"
57,응급,291,"아크메이지(썬,콜)",BOSS,"110,687","110,687"
58,이빵,292,히어로,디즈니,"110,562","110,562"
59,천원,292,데몬어벤져,루루,"110,569","110,527"
60,웨스턴총낭이,292,캐논슈터,지존,"110,507","110,507"
61,성배,294,비숍,허니,"110,475","110,475"
62,토르,292,팔라딘,아잉2,"111,612","110,428"
63,럭표도,291,나이트워커,피너,"110,672","110,392"
64,루그,293,바이퍼,악마,"110,389","110,389"
65,격류,290,섀도어,아깽이,"110,253","110,253"
66,글죠,295,섀도어,지존,"110,252","110,252"
67,페이커,291,카인,스타,"110,587","110,103"
68,으찌,293,제로,반달,"110,099","110,099"
69,주교,291,나이트로드,Bless,"110,308","110,081"
70,남색,286,나이트로드,스타,"110,670","110,069"
71,샌직,293,윈드브레이커,욘석들,"110,313","110,020"
72,우정,293,듀얼블레이드,우주,"110,017","110,017"
73,독사,292,"아크메이지(불,독)",Cross,"109,955","109,955"
74,꼬잡잉,292,메카닉,리더,"109,859","109,859"
75,마린,291,캡틴,사랑,"110,347","109,838"
76,봉콜스,292,나이트로드,지존,"109,803","109,803"
77,무죄,290,팔라딘,반달,"109,785","109,749"
78,타일런트,292,메르세데스,BOSS,"109,711","109,711"
79,바퍼당,292,바이퍼,페브리즈,"109,679","109,679"
80,백금장미,290,히어로,지존,"109,740","109,635"
81,머쉬룸공원,290,카인,야호,"109,606","109,549"
82,이국주,292,소울마스터,뉴프랜,"109,548","109,548"
83,해적,287,나이트로드,시유,"110,620","109,545"
84,민아,290,"아크메이지(불,독)",디즈니,"109,562","109,508"
85,제니,291,데몬슬레이어,리더,"109,498","109,498"
86,포도먹는표도,293,나이트로드,BOSS,"109,481","109,481"
87,낭만풍수사,290,라라,망고,"109,608","109,462"
88,인낀,294,아크,디즈니,"109,391","109,391"
89,축일추풍,291,윈드브레이커,지존,"109,336","109,336"
90,연인,292,나이트로드,블러썸,"109,398","109,328"
91,영웅금별,290,히어로,순애,"109,345","109,297"
92,돌싱녀,289,나이트워커,지존,"109,488","109,281"
93,귀욤,295,아크,지존,"109,264","109,264"
94,애쉬,290,은월,루루,"109,284","109,168"
95,양주,292,에반,동화,"109,088","109,088"
96,흉수,290,"아크메이지(불,독)",스타,"109,086","109,086"
97,0라꾸0,291,나이트로드,고치,"109,085","109,085"
98,무식,287,듀얼블레이드,디즈니,"110,072","109,063"
99,구보,290,아크,지존,"109,320","109,039"
100,자유,293,듀얼블레이드,화양,"109,058","109,039"
101,뜬궁,290,보우마스터,지존,"109,993","109,024"
102,레망,290,듀얼블레이드,루루,"109,000","109,000"
103,기범기봉,288,배틀메이지,BOSS,"108,955","108,955"
104,나영이,291,나이트로드,새벽,"108,921","108,921"
105,주장,290,배틀메이지,악마,"108,917","108,917"
106,최미운,293,카인,빈콩,"108,907","108,907"
107,도스석궁,290,신궁,Kisses,"109,338","108,898"
108,쌔로,291,나이트로드,순애,"109,088","108,860"
109,박세웅,292,에반,욘석들,"108,850","108,850"
110,추가연,291,팬텀,BOSS,"108,840","108,840"
111,고집론,291,"아크메이지(불,독)",BOSS,"108,810","108,810"
112,인마,285,바이퍼,반달,"110,226","108,788"
113,유운,291,팬텀,불빛,"108,777","108,777"
114,헤네시스,291,엔젤릭버스터,새벽,"108,896","108,774"
115,조정,290,아델,루루,"108,789","108,733"
116,세븐,293,메카닉,사랑,"108,765","108,732"
117,흡혈,282,데몬어벤져,리더,"113,290","108,698"
118,안녕별잇,295,아란,도로시,"108,671","108,671"
119,진로,295,윈드브레이커,디즈니,"108,661","108,661"
120,작반,295,팬텀,디즈니,"108,605","108,605"
121,자리스틸의왕,291,히어로,악마,"108,652","108,572"
122,소양을,291,키네시스,지존,"108,535","108,535"
123,돌격기,294,캐논슈터,순애,"108,520","108,520"
124,신기술,291,메카닉,지존,"108,502","108,502"
125,렌조,291,에반,디즈니,"109,089","108,496"
126,토햐,293,비숍,사랑,"108,595","108,489"
127,강동원,291,히어로,별밤,"108,550","108,443"
128,서니,291,캡틴,순애,"108,688","108,437"
129,매수,290,호영,자몽,"108,417","108,417"
130,장브로,292,카인,사랑,"108,671","108,383"
131,승수,291,"아크메이지(불,독)",고수,"108,376","108,376"
132,티어,292,나이트로드,사랑,"108,376","108,376"
133,소질,292,패스파인더,영혼,"108,406","108,336"
134,타락파워승정,290,히어로,우아,"108,457","108,331"
135,빅시커,296,엔젤릭버스터,반달,"108,317","108,317"
136,와닢,290,나이트워커,욘석들,"108,309","108,309"
137,비올팬,294,팬텀,불빛,"108,264","108,264"
138,남사친,290,듀얼블레이드,SiniSter,"108,686","108,263"
139,표창도적,290,나이트로드,사랑,"108,475","108,246"
140,나무야,291,라라,반달,"108,200","108,200"
141,남고딩,291,나이트로드,지존,"108,787","108,154"
142,감량,292,아델,리더,"108,133","108,133"
143,신프롱,290,소울마스터,은행,"108,394","108,107"
144,샤롬,290,"아크메이지(불,독)",Gamer,"108,101","108,101"
145,학폭,293,팬텀,사랑,"108,100","108,100"
146,집념,292,아델,지존,"108,493","108,084"
147,긍지,290,팔라딘,영화속풍경,"108,524","108,080"
148,묘롱,289,윈드브레이커,디즈니,"108,069","108,069"
149,해류,290,히어로,Piacere,"108,089","108,048"
150,망초,292,에반,Cross,"108,030","108,030"
151,쀼부,288,라라,오순도순,"108,027","108,027"
152,메뚜기,291,나이트로드,사랑,"107,950","107,950"
153,루미,291,루미너스,스타,"108,705","107,906"
154,엿엿,290,나이트워커,악마,"107,836","107,836"
155,판국,290,나이트로드,반달,"107,777","107,777"
156,빻이퍼,291,캐논슈터,루루,"108,524","107,770"
157,선물,292,제논,사랑,"107,754","107,754"
158,디쩡,292,카인,S2S2,"108,070","107,723"
159,리움,293,일리움,땃쥐,"107,707","107,707"
160,풍선껌,290,나이트로드,BOSS,"107,730","107,695"
161,리플,292,나이트로드,말랑,"107,678","107,678"
162,핑콜로더듬이,288,칼리,디즈니,"107,655","107,655"
163,어쌔,293,나이트로드,순애,"107,686","107,652"
164,영왕,292,듀얼블레이드,디즈니,"107,636","107,636"
165,티남,290,나이트로드,BOSS,"107,626","107,626"
166,다소나,290,비숍,지존,"107,606","107,556"
167,오서,292,나이트로드,리더,"108,091","107,540"
168,섭외,291,듀얼블레이드,리더,"107,527","107,527"
169,티레사,292,메르세데스,BOSS,"107,924","107,497"
170,검듄,290,히어로,디즈니,"107,477","107,477"
171,권이의듀얼,290,듀얼블레이드,Bless,"108,185","107,470"
172,노잼,291,배틀메이지,디즈니,"107,535","107,463"
173,군함,291,캡틴,지존,"107,436","107,436"
174,박준형,289,아델,리더,"107,420","107,420"
175,별표시,293,메카닉,지존,"107,371","107,371"
176,끄나,295,데몬슬레이어,태양,"107,383","107,333"
177,골결정력,289,카인,파티,"107,333","107,333"
178,나격,290,나이트로드,지존,"107,638","107,331"
179,칼리,294,칼리,Alpha,"109,646","107,328"
180,신범,290,윈드브레이커,지존,"107,972","107,327"
181,칭호,291,카이저,리더,"107,298","107,298"
182,세상,291,팔라딘,Design,"107,380","107,292"
183,달빛히어로52,288,히어로,디즈니,"107,304","107,278"
184,저뵈,290,제로,사랑,"107,320","107,278"
185,목성,290,윈드브레이커,지존,"107,779","107,251"
186,소록방,288,나이트로드,밤바다,"107,902","107,211"
187,처서,293,"아크메이지(썬,콜)",허니,"107,171","107,171"
188,옛날눈비,291,패스파인더,좋은사람,"107,168","107,168"
189,을가,293,카이저,Design,"107,133","107,133"
190,넘버원충남대,290,나이트워커,지존,"107,405","107,121"
191,류크,292,나이트로드,페브리즈,"107,098","107,098"
192,초꼬,290,나이트로드,악몽,"107,588","107,091"
193,원장,293,아크,사랑,"107,128","107,081"
194,보꾸,291,윈드브레이커,BOSS,"107,074","107,074"
195,치임,291,아델,Cross,"108,065","107,070"
196,살벌,291,듀얼블레이드,타임,"107,087","107,049"
197,Mr자비,291,다크나이트,순애,"107,038","107,038"
198,진지조하,285,아크,Rose,"108,853","107,034"
199,케르,290,"아크메이지(불,독)",BOSS,"107,342","107,012"
200,바글,290,"아크메이지(썬,콜)",사랑,"106,997","106,997"
201,함다연,291,소울마스터,디즈니,"107,024","106,980"
202,부장,294,아델,리더,"107,028","106,975"
203,악몽,290,팬텀,리얼,"106,974","106,941"
204,창세,290,다크나이트,반달,"106,928","106,928"
205,뻥긋,291,아델,피너,"106,902","106,902"
206,ResearchDV,290,히어로,사랑,"107,045","106,902"
207,마스,287,나이트워커,전설,"108,073","106,896"
208,에휴,291,비숍,순애,"106,881","106,881"
209,송중기,292,나이트로드,새침,"106,877","106,877"
210,루틴,291,소울마스터,귀신,"106,860","106,860"
211,피글렛,293,"아크메이지(불,독)",Aura,"106,838","106,838"
212,누렁이,291,카인,달치즈,"106,815","106,815"
213,Ghost,291,듀얼블레이드,악마,"106,784","106,784"
214,미소년,291,다크나이트,송이,"106,784","106,784"
215,서싸디,290,칼리,악몽,"106,909","106,754"
216,보공,291,제로,악마,"107,219","106,740"
217,다줘,292,아델,신비주의,"106,899","106,736"
218,랭주,290,나이트로드,BOSS,"106,881","106,721"
219,발톱,290,데몬어벤져,페브리즈,"106,894","106,697"
220,버터,299,나이트로드,루루,"109,361","106,668"
221,창강,289,제논,악마,"106,626","106,626"
222,웽거,293,소울마스터,Aura,"106,621","106,621"
223,녹뚜,292,아델,욘석들,"106,666","106,612"
224,소라카,291,비숍,리더,"107,073","106,607"
225,오두현,292,데몬어벤져,사랑,"106,919","106,599"
226,빈털,291,아크,루루,"106,589","106,589"
227,소울마스터,293,소울마스터,악동,"106,584","106,584"
228,땅다,292,캐논슈터,디즈니,"106,483","106,483"
229,쩐다,285,나이트워커,송이,"107,324","106,481"
230,격상,290,제로,파티,"106,459","106,459"
231,롤롤아델,291,아델,반달,"106,456","106,456"
232,꿈달,290,메르세데스,Alice,"106,794","106,449"
233,중독된콜라,290,나이트로드,사랑,"106,430","106,430"
234,대파,291,블래스터,우주,"106,425","106,425"
235,김건희,292,팬텀,Alpha,"106,805","106,420"
236,빨판,292,나이트로드,반달,"106,375","106,340"
237,소신,290,제논,반달,"106,862","106,334"
238,준난,291,나이트로드,파티,"106,830","106,331"
239,김두한,290,은월,어울누리,"106,791","106,288"
240,러닝,292,아델,BOSS,"106,548","106,275"
241,허성태,291,윈드브레이커,댓글,"106,693","106,273"
242,선달,291,호영,포로,"106,728","106,254"
243,옴므,293,나이트로드,악마,"106,250","106,250"
244,치리,294,메르세데스,루루,"106,235","106,235"
245,월광,292,히어로,송이,"106,640","106,214"
246,로건,290,캐논슈터,악마,"106,375","106,207"
247,산적,286,비숍,반달,"107,329","106,204"
248,소인,292,엔젤릭버스터,BOSS,"106,200","106,200"
249,섀비지21,290,섀도어,순애,"106,301","106,195"
250,의뢰장,290,다크나이트,밤바다,"106,157","106,157"
251,박민우,291,스트라이커,사랑,"106,141","106,141"
252,최민성,292,은월,BOSS,"106,169","106,137"
253,개불,291,은월,뉴프랜,"106,767","106,120"
254,메시,291,팔라딘,지존,"106,574","106,106"
255,실내,291,팬텀,욘석들,"106,184","106,099"
256,베르,293,나이트로드,엔드,"106,094","106,094"
257,딱밤,288,제논,사랑,"106,678","106,076"
258,누소,290,보우마스터,영혼,"106,298","106,071"
259,메세지,295,비숍,리더,"106,482","106,065"
260,메구루루,293,"아크메이지(불,독)",SiniSter,"106,057","106,057"
261,쓰레기,289,듀얼블레이드,푸들,"106,712","106,056"
262,공주림,290,비숍,악마,"106,056","106,056"
263,유리구두,291,플레임위자드,동화,"106,045","106,045"
264,반반,293,제논,BOSS,"106,041","106,041"
265,명훈,290,호영,훈장교,"107,449","106,035"
266,비첸,293,"아크메이지(썬,콜)",BOSS,"106,630","106,026"
267,플레이보이,290,나이트로드,악마,"107,426","106,021"
268,슈타른,290,팬텀,허니,"106,640","106,020"
269,분격,291,은월,영혼,"106,044","106,012"
270,데덩,292,다크나이트,Design,"106,098","106,012"
271,치이,293,메르세데스,레전드,"105,996","105,996"
272,겸지매니아,290,카인,케로로,"105,981","105,981"
273,데이,292,아델,지존,"106,071","105,960"
274,포탄,293,캐논슈터,Lunes,"105,943","105,943"
275,강성호,290,듀얼블레이드,LUSH,"106,649","105,939"
276,리트,293,"아크메이지(불,독)",루루,"106,688","105,914"
277,로멘아란,292,아란,Shiny,"106,027","105,905"
278,포던,293,듀얼블레이드,디즈니,"106,096","105,893"
279,마옥석,290,듀얼블레이드,욘석들,"106,018","105,891"
280,짝사랑,293,팬텀,허니,"105,881","105,881"
281,토히,290,플레임위자드,또밍,"106,604","105,875"
282,썰곰,292,윈드브레이커,사랑,"105,820","105,820"
283,끔하,291,팔라딘,BOSS,"105,926","105,802"
284,앨븐,292,아델,오키,"105,799","105,799"
285,검투,289,히어로,미소,"105,791","105,791"
286,청순해,292,루미너스,지존,"105,797","105,759"
287,해독,290,메카닉,악마,"105,753","105,753"
288,Fake,295,나이트워커,반달,"105,749","105,749"
289,판콜,291,아란,허니,"106,189","105,746"
290,탈세,290,나이트워커,사랑,"106,190","105,713"
291,리시,289,나이트로드,BOSS,"105,705","105,705"
292,체링,293,"아크메이지(불,독)",지존,"105,679","105,679"
293,메주,286,칼리,소망,"106,677","105,657"
294,핑키o,290,"아크메이지(썬,콜)",사랑,"106,211","105,643"
295,손길,293,나이트로드,욘석들,"105,634","105,634"
296,캐롤,292,보우마스터,푸들,"105,740","105,626"
297,샤나,291,듀얼블레이드,사랑,"105,580","105,580"
298,아잉델,291,아델,새내기,"105,943","105,556"
299,기륵,289,아크,도잉,"105,785","105,554"
300,자자,289,카인,사랑,"105,720","105,518"
301,카드빈희,287,팬텀,무무,"105,790","105,504"
302,으꾸,293,나이트로드,사랑,"105,495","105,495"
303,뚝배기,290,다크나이트,지존,"105,585","105,493"
304,피터,293,듀얼블레이드,루루,"106,047","105,482"
305,부줏돌,290,비숍,디즈니,"106,943","105,477"
306,둥둥,291,"아크메이지(썬,콜)",푸들,"105,467","105,467"
307,테러비터,292,보우마스터,Alpha,"106,768","105,458"
308,나토풍,291,보우마스터,소별,"105,413","105,413"
309,야스,292,은월,악동,"105,403","105,403"
310,얼른,291,다크나이트,리더,"105,399","105,399"
311,패망,288,듀얼블레이드,허니,"105,585","105,393"
312,봉훈,292,아델,지존,"105,385","105,385"
313,펀치,292,나이트로드,지존,"106,326","105,379"
314,에델,293,메카닉,지존,"105,354","105,354"
315,영원,291,비숍,Cross,"105,430","105,323"
316,오사카,291,아델,사랑,"105,323","105,323"
317,담비띵,291,라라,치즈,"105,321","105,321"
318,사퇴,291,아크,루루,"105,321","105,321"
319,커터,291,듀얼블레이드,BOSS,"105,579","105,317"
320,메알못,291,메르세데스,사해,"105,458","105,316"
321,대갈텀,291,팬텀,지존,"107,031","105,303"
322,팔라딘,290,팔라딘,사랑,"106,172","105,302"
323,넥멘,293,에반,스타,"105,719","105,293"
324,부도,293,미하일,미미,"105,291","105,291"
325,지네,294,"아크메이지(불,독)",지존,"105,286","105,286"
326,싹싹,295,팔라딘,화양,"105,279","105,279"
327,Nana,290,비숍,자몽,"105,275","105,275"
328,끼토,290,블래스터,빙글,"106,619","105,253"
329,리밋,290,팬텀,악마,"106,178","105,218"
330,놈현,291,"아크메이지(불,독)",Alpha,"105,380","105,212"
331,아침보름,291,제논,반달,"105,210","105,210"
332,만년예티,290,팔라딘,BOSS,"105,370","105,209"
333,푸우,294,아델,지존,"106,263","105,202"
334,홀덤포커스,293,패스파인더,악마,"105,195","105,195"
335,상담,292,나이트워커,파티,"105,652","105,187"
336,현건,291,캐논슈터,Crush,"105,813","105,180"
337,송빈,291,엔젤릭버스터,BOSS,"105,292","105,167"
338,면종,290,소울마스터,출발,"105,163","105,163"
339,아이코쿠마,294,"아크메이지(불,독)",CoPys,"105,162","105,162"
340,너어,290,은월,Aura,"105,537","105,152"
341,문구,293,나이트워커,지존,"105,148","105,148"
342,위치,292,듀얼블레이드,Sereno,"105,211","105,141"
343,궁도,290,보우마스터,리더,"105,723","105,127"
344,무토,291,데몬어벤져,사랑,"105,815","105,117"
345,블리츠크랭크,292,메카닉,사랑,"106,240","105,107"
346,짜세,291,호영,순애,"106,114","105,094"
347,빡맹,294,아델,별비,"105,088","105,088"
348,구구단,291,나이트로드,욘석들,"105,449","105,074"
349,티에리앙리,285,캡틴,지존,"105,775","105,072"
350,앵김,290,히어로,파티,"106,155","105,059"
351,원중,290,소울마스터,반달,"105,038","105,038"
352,뷰논,290,제논,순애,"105,061","105,034"
353,스고용,289,팔라딘,지존,"105,519","105,031"
354,향냥,290,메르세데스,반달,"105,016","105,016"
355,유채,290,윈드브레이커,지존,"105,737","105,014"
356,수국이,291,"아크메이지(불,독)",BOSS,"105,332","104,999"
357,고라니맨션,290,윈드브레이커,리더,"105,360","104,995"
358,룩룩,293,엔젤릭버스터,라이,"104,994","104,994"
359,닦아줌,291,아크,리더,"105,229","104,987"
360,음령,290,비숍,디즈니,"105,613","104,985"
361,진스미스장,290,에반,지존,"105,745","104,961"
362,시망님,290,아델,반달,"104,959","104,959"
363,유격,291,나이트로드,리더,"105,673","104,947"
364,라쓰,292,듀얼블레이드,지존,"105,149","104,945"
365,문이얌얌,291,아델,우주,"104,927","104,927"
366,딸깍,290,"아크메이지(불,독)",욘석들,"105,937","104,898"
367,간세영,288,미하일,반달,"105,517","104,896"
368,개찬,292,아란,리더,"104,874","104,874"
369,장영완,292,카인,사랑,"104,940","104,855"
370,성준,290,키네시스,예쁨,"104,831","104,831"
371,흰눈,291,아란,피너,"104,857","104,796"
372,유우카,288,듀얼블레이드,허니,"106,044","104,789"
373,가을바람,290,윈드브레이커,BOSS,"104,780","104,780"
374,초침,290,아델,헤로인,"105,356","104,757"
375,에테,290,비숍,불빛,"105,073","104,755"
376,쎄웅,291,듀얼블레이드,리더,"104,743","104,743"
377,지닐,290,다크나이트,갈대,"104,804","104,712"
378,앙꼬,292,"아크메이지(불,독)",사랑,"104,702","104,702"
379,식사중일땐좀,290,카데나,스타,"105,317","104,689"
380,깜딩,291,은월,악마,"104,659","104,659"
381,수다,290,제논,우주,"104,683","104,656"
382,피넛,289,비숍,BOSS,"105,455","104,651"
383,밈커벨,291,비숍,오키,"104,704","104,647"
384,포츈베이요넷,294,에반,사해,"104,642","104,642"
385,착함,292,소울마스터,사랑,"104,888","104,640"
386,덩호,290,호영,Hunk,"104,600","104,600"
387,깜랑아란,287,아란,네티,"105,323","104,594"
388,땡이,292,루미너스,지존,"104,590","104,590"
389,퍼킹빚취,289,듀얼블레이드,ACNE,"104,752","104,587"
390,수트,291,제논,반달,"104,585","104,585"
391,섹마,292,캡틴,악마,"104,793","104,575"
392,김작복,291,은월,사랑,"104,654","104,567"
393,이스,293,듀얼블레이드,오즈,"104,565","104,565"
394,관전,292,"아크메이지(불,독)",겨울,"104,553","104,553"
395,융구,290,팬텀,악마,"104,626","104,540"
396,덜랑,292,팬텀,BOSS,"104,625","104,539"
397,도태델,290,아델,에띠,"104,534","104,534"
398,새비지,292,섀도어,리넘,"104,532","104,506"
399,zozo,290,카인,Kisses,"104,495","104,495"
400,17미나,287,캐논슈터,지존,"104,655","104,485"
401,악사,291,패스파인더,이별,"104,475","104,475"
402,머햄,289,듀얼블레이드,무빙,"105,022","104,468"
403,땅원,292,듀얼블레이드,사랑,"104,467","104,467"
404,드립,292,"아크메이지(불,독)",지존,"104,456","104,456"
405,낭들,292,팬텀,시작,"105,370","104,448"
406,곤봉,293,"아크메이지(불,독)",사랑,"104,439","104,439"
407,단풍군단장,288,메카닉,점프,"105,258","104,436"
408,히터,294,"아크메이지(불,독)",BOSS,"104,825","104,436"
409,공포,290,바이퍼,리드,"105,091","104,409"
410,찬찬,289,나이트로드,반달,"104,962","104,402"
411,손플,292,히어로,BOSS,"104,401","104,401"
412,스피어,291,다크나이트,지존,"104,374","104,374"
413,쨘콘,292,나이트로드,반달,"104,363","104,363"
414,이등,289,"아크메이지(불,독)",반달,"105,397","104,360"
415,싯포,292,"아크메이지(불,독)",호엥,"104,583","104,358"
416,프뉴,290,블래스터,바다,"104,353","104,353"
417,큐링,291,캐논슈터,지존,"104,334","104,334"
418,다비니,290,윈드브레이커,BOSS,"104,373","104,331"
419,게이,291,"아크메이지(불,독)",지존,"104,996","104,322"
420,강우현,292,듀얼블레이드,디즈니,"104,501","104,316"
421,모비,292,히어로,순애,"104,418","104,309"
422,동구,289,카인,허니,"104,299","104,299"
423,으파,295,데몬어벤져,은인,"104,401","104,299"
424,빈지노,290,히어로,디즈니,"106,529","104,295"
425,매실,293,팬텀,사랑,"104,288","104,288"
426,단념,290,나이트로드,지존,"104,727","104,278"
427,망치,291,팔라딘,새벽,"104,249","104,249"
428,꾸씨,291,팔라딘,리더,"104,659","104,241"
429,센센,291,윈드브레이커,사랑,"104,463","104,229"
430,밥신,291,아델,라벨,"104,414","104,228"
431,센터,293,히어로,사랑,"104,265","104,215"
432,첫체험,288,아란,당돌,"105,170","104,215"
433,꼬부,286,섀도어,샛별,"104,839","104,203"
434,겐지,290,나이트로드,사랑,"104,977","104,182"
435,푸카,286,라라,연두,"106,199","104,170"
436,캐릭터첨봄,292,배틀메이지,욘석들,"104,328","104,143"
437,뼈묠,295,팔라딘,달치즈,"104,137","104,137"
438,씨져,290,에반,사랑,"104,179","104,129"
439,남준,294,제논,Class,"104,117","104,117"
440,꿍디,290,캐논슈터,BOSS,"105,839","104,096"
441,초딩유진,290,비숍,BOSS,"104,085","104,085"
442,쿄캬,294,비숍,SiniSter,"104,074","104,074"
443,오캬,292,은월,영혼,"104,068","104,068"
444,요도,290,메카닉,반달,"104,097","104,063"
445,싸겨,289,듀얼블레이드,리더,"104,653","104,041"
446,쇼바,291,비숍,루루,"104,300","104,037"
447,해저,294,호영,사해,"104,014","104,014"
448,롱잽,292,데몬어벤져,Lunes,"104,031","104,009"
449,머리쾅,292,나이트로드,BOSS,"104,005","104,005"
450,베비,292,비숍,디즈니,"104,004","104,004"
451,듀끗,290,듀얼블레이드,지존,"104,220","103,976"
452,에허,292,보우마스터,Shiny,"103,972","103,972"
453,이등현,290,신궁,사랑,"104,648","103,933"
454,호랭,291,호영,피너,"103,901","103,901"
455,갔니,288,비숍,포이,"104,251","103,900"
456,꾸넛,290,아델,BOSS,"103,902","103,885"
457,쌩초보,290,나이트로드,예지몽,"103,992","103,865"
458,더비,289,아델,소감,"104,609","103,853"
459,단깡,292,은월,스타,"103,902","103,846"
460,더헬,292,팬텀,피너,"104,079","103,844"
461,레드핫나로,291,나이트로드,초원,"103,839","103,839"
462,복덩,293,팔라딘,태양,"103,821","103,821"
463,던스,290,키네시스,사랑,"103,820","103,820"
464,묻진,290,카데나,후닝,"103,995","103,815"
465,귤민,285,메르세데스,Girls,"105,780","103,813"
466,포세이돈,290,바이퍼,스타,"104,558","103,809"
467,zl존,292,제논,연인,"104,380","103,790"
468,선철이,289,히어로,디즈니,"103,785","103,785"
469,타잔,291,아크,사랑,"104,812","103,778"
470,동전쮸,292,일리움,욘석들,"103,776","103,776"
471,듀오,290,듀얼블레이드,반달,"104,001","103,776"
472,무공,290,나이트로드,레전드,"104,509","103,769"
473,서브,293,나이트로드,허니,"103,764","103,764"
474,접어,291,제논,루나,"103,854","103,760"
475,애리스,291,나이트로드,욘석들,"104,659","103,760"
476,낭돌,290,히어로,바람,"104,022","103,746"
477,애정딘,289,팔라딘,순애,"104,755","103,711"
478,Spin,289,아크,리더,"103,907","103,710"
479,잉쏘,292,제로,리본,"103,805","103,693"
480,햐당,292,윈드브레이커,Bless,"103,683","103,683"
481,윤원희,291,보우마스터,지존,"103,678","103,678"
482,기위,291,아델,사랑,"103,829","103,669"
483,섀둬씨,290,섀도어,가을,"103,849","103,662"
484,석유,289,아델,빙수,"104,258","103,659"
485,스꺼,290,스트라이커,허니,"103,641","103,641"
486,종빈,291,팔라딘,디즈니,"103,639","103,639"
487,남살프,295,와일드헌터,송이,"103,635","103,635"
488,짱우,291,다크나이트,송이,"103,630","103,630"
489,진동,290,윈드브레이커,리더,"103,619","103,619"
490,벤처,292,나이트로드,도그,"103,839","103,605"
491,쿠쿠쿠,291,비숍,악마,"104,391","103,603"
492,사교육,290,나이트로드,디즈니,"104,006","103,555"
493,헛걱정,291,일리움,까망,"103,696","103,545"
494,맥주맛계란,290,캐논슈터,새벽,"103,541","103,541"
495,탸수,289,캡틴,반달,"104,312","103,530"
496,비서관,292,소울마스터,바람,"103,514","103,514"
497,악애,292,비숍,지존,"103,512","103,512"
498,태극,291,아델,이지스,"104,562","103,507"
499,미술부,290,제로,스타,"103,489","103,489"
500,훈빈솜,291,소울마스터,지존,"103,487","103,487"
501,모습,291,윈드브레이커,쪼쪼,"103,522","103,479"
502,힝짜,291,패스파인더,사랑,"103,472","103,472"
503,짱반,290,나이트로드,송이,"103,507","103,471"
504,염마,292,듀얼블레이드,원더러,"103,467","103,467"
505,악캐,288,데몬어벤져,지존,"103,513","103,467"
506,결전,291,소울마스터,순애,"103,454","103,454"
507,힝반냥,293,카데나,지존,"103,428","103,428"
508,난해,292,윈드브레이커,쓰담,"103,421","103,421"
509,엔테이,291,"아크메이지(불,독)",지존,"103,476","103,420"
510,kasin3,292,비숍,지존,"103,670","103,408"
511,soni,292,스트라이커,순애,"103,388","103,388"
512,SonSangJun,291,비숍,리더,"103,376","103,376"
513,흑돼랑,291,팔라딘,루루,"103,402","103,366"
514,민창,295,듀얼블레이드,루나,"103,810","103,363"
515,이소이,290,"아크메이지(불,독)",날려,"103,401","103,346"
516,류아,291,비숍,악마,"104,035","103,325"
517,이슈,291,섀도어,디즈니,"103,306","103,306"
518,사마귀,291,히어로,디즈니,"103,474","103,302"
519,느낌이형,291,팔라딘,리더,"103,301","103,301"
520,독용,291,비숍,욘석들,"103,287","103,287"
521,우큐,291,비숍,욘석들,"103,284","103,284"
522,야쓰,292,나이트로드,새벽,"103,280","103,280"
523,쭌규,291,패스파인더,디즈니,"103,265","103,265"
524,곰녀,290,"아크메이지(썬,콜)",리더,"103,657","103,249"
525,꾸러,292,제로,유대,"103,237","103,237"
526,밴애,290,아델,스타,"104,715","103,229"
527,리스크,291,배틀메이지,야호,"103,617","103,191"
528,밍썬,290,라라,봄나들이,"103,784","103,177"
529,히든,291,나이트로드,SiniSter,"103,787","103,167"
530,산양,291,소울마스터,욘석들,"103,629","103,156"
531,Feta,293,루미너스,키즈,"103,306","103,148"
532,서아,291,나이트워커,악마,"103,206","103,143"
533,표도25,291,나이트로드,이별,"103,126","103,126"
534,매끈,290,나이트로드,욘석들,"103,729","103,115"
535,채웡,291,비숍,달치즈,"103,090","103,090"
536,나얌,287,섀도어,낮밤,"104,025","103,072"
537,버프가부족햄,292,비숍,BOSS,"103,742","103,072"
538,cafe오월,291,바이퍼,지존,"103,127","103,065"
539,화나,291,칼리,순애,"103,815","103,043"
540,블랙잭,292,팬텀,지존,"103,439","103,043"
541,넋나비,290,메르세데스,유대,"103,363","103,039"
542,머얼크,291,제논,소망,"103,020","103,020"
543,스커,289,나이트로드,High,"103,773","103,019"
544,피코누나,290,비숍,빵집,"104,277","103,012"
545,루사,289,나이트로드,지존,"103,531","103,006"
546,킬래,290,나이트로드,욘석들,"103,089","102,998"
547,론진,287,다크나이트,우주,"102,993","102,993"
548,쓰벅,286,듀얼블레이드,허니,"103,651","102,989"
549,젤리,291,나이트로드,리더,"103,349","102,969"
550,조셉,291,"아크메이지(불,독)",지존,"102,960","102,960"
551,축원,293,듀얼블레이드,반달,"103,109","102,954"
552,뉴비,291,섀도어,리더,"103,109","102,947"
553,클빙,290,메르세데스,BOSS,"104,535","102,929"
554,비류,293,플레임위자드,YAYA,"103,020","102,919"
555,별바람,295,윈드브레이커,허니,"102,881","102,881"
556,Klaw,290,"아크메이지(썬,콜)",지존,"103,155","102,872"
557,잔랑,291,팔라딘,님본,"103,550","102,854"
558,천추,290,비숍,리더,"102,850","102,850"
559,용용,290,나이트로드,미소,"103,301","102,848"
560,천기,289,윈드브레이커,리더,"104,292","102,841"
561,똥노비,291,윈드브레이커,솔새향,"102,838","102,838"
562,레전드호영,288,호영,사랑,"106,088","102,832"
563,샤렐,291,비숍,혼란,"102,817","102,817"
564,딸긔,294,아델,지존,"102,827","102,810"
565,원분,294,듀얼블레이드,엘리시움,"102,802","102,802"
566,체뎀,287,"아크메이지(썬,콜)",리더,"103,626","102,801"
567,정수영,291,신궁,순애,"103,221","102,796"
568,바통,294,다크나이트,초코링,"102,790","102,790"
569,아욤,296,비숍,지존,"102,848","102,790"
570,솔애,290,아크,루나,"103,117","102,775"
571,헹장군,291,카인,반달,"102,759","102,759"
572,천사가된앙마,290,나이트로드,대부,"102,962","102,746"
573,색시,290,윈드브레이커,지존,"102,834","102,730"
574,지디,291,나이트워커,캔디,"102,744","102,705"
575,화안,291,데몬어벤져,High,"102,702","102,702"
576,시빌,291,다크나이트,Aura,"102,739","102,695"
577,빨이,290,나이트로드,지존,"102,923","102,687"
578,허엥,290,호영,꼬리,"104,441","102,685"
579,공경현,290,카이저,디즈니,"103,021","102,680"
580,시기S,294,듀얼블레이드,허니,"102,668","102,668"
581,쏘우,292,나이트로드,리더,"102,666","102,666"
582,키모노아가씨,290,데몬어벤져,BOSS,"103,095","102,665"
583,벗니,290,나이트로드,꼬리,"102,664","102,664"
584,단돈,289,팬텀,고기,"103,575","102,662"
585,곱하,290,아델,송이,"102,943","102,650"
586,현꽁,292,비숍,Hermes,"102,638","102,638"
587,변동,291,나이트로드,욘석들,"102,635","102,635"
588,샘꿀,291,나이트로드,새벽,"102,634","102,634"
589,쏘랭,291,섀도어,허니,"102,649","102,622"
590,럽서아,290,아델,순애,"103,079","102,612"
591,영돌,295,소울마스터,사랑,"102,650","102,606"
592,승효,288,팔라딘,반달,"104,316","102,596"
593,뉴즈,290,나이트로드,Kissing,"103,700","102,588"
594,꾸리,291,나이트로드,반달,"102,586","102,586"
595,근육파괴원중,291,데몬어벤져,SilverCastle,"102,664","102,583"
596,도니염미,290,윈드브레이커,루루,"103,281","102,574"
597,너클,291,바이퍼,사과,"102,702","102,574"
598,도닌,291,나이트워커,소프라노,"102,568","102,568"
599,학살,289,듀얼블레이드,악마,"103,147","102,531"
600,호놀,289,보우마스터,곰돌,"102,820","102,526"
601,런플,290,플레임위자드,설아,"102,519","102,519"
602,택이,293,패스파인더,까망,"102,519","102,519"
603,군찬,291,비숍,BOSS,"102,493","102,493"
604,종식,289,아란,지존,"103,197","102,491"
605,규민,290,메르세데스,디즈니,"102,531","102,489"
606,론데,290,나이트로드,스타,"102,882","102,484"
607,날두,290,히어로,악마,"102,539","102,477"
608,인크카,294,카인,Windy,"102,465","102,465"
609,얄미운메린,293,다크나이트,순애,"102,455","102,455"
610,초기,295,나이트로드,사랑,"102,451","102,451"
611,환호,290,호영,BOSS,"102,434","102,434"
612,캐논마서터,287,캐논슈터,Aura,"104,189","102,427"
613,겸지,290,"아크메이지(불,독)",겸댕이,"103,850","102,415"
614,채콩,294,아델,리더,"102,424","102,407"
615,방학,293,윈드브레이커,페브리즈,"102,406","102,406"
616,지니,291,에반,사랑,"103,297","102,406"
617,폭딜,289,바이퍼,반달,"102,404","102,404"
618,돌돔,288,팔라딘,디즈니,"102,494","102,403"
619,군필히붕이,291,히어로,Lunes,"102,436","102,394"
620,우왱,291,비숍,사랑,"102,503","102,393"
621,리터,290,호영,사랑,"102,926","102,389"
622,페어리,292,메르세데스,칠요,"102,387","102,387"
623,헤븐,292,비숍,BOSS,"102,495","102,386"
624,걍쟈깡,290,나이트로드,신비주의,"102,872","102,374"
625,쿠쿠,290,"아크메이지(불,독)",리더,"104,987","102,371"
626,채만,295,팔라딘,백선,"102,369","102,369"
627,택로나,290,나이트로드,지존,"102,568","102,368"
628,마나이트,290,나이트로드,Cozy,"102,391","102,355"
629,도선균,290,미하일,만지회,"102,781","102,349"
630,이두농,289,나이트워커,바다,"102,788","102,339"
631,흐스,292,호영,루루,"102,335","102,335"
632,뚝춘,288,나이트워커,사랑,"102,323","102,323"
633,근본질,290,팔라딘,아랑,"102,488","102,323"
634,초고수,286,나이트로드,Lunes,"103,391","102,320"
635,개사기,291,에반,악마,"104,591","102,319"
636,식장,292,아크,여백,"102,317","102,317"
637,미스메카닉,290,메카닉,리더,"102,352","102,283"
638,전고,288,비숍,사랑,"102,538","102,269"
639,데블,290,비숍,디즈니,"102,372","102,262"
640,꽃받침,290,"아크메이지(썬,콜)",우아,"102,546","102,256"
641,다피,290,카이저,순하리,"104,784","102,255"
642,커엽요,290,캐논슈터,루루,"102,252","102,252"
643,루나센츄,288,나이트로드,청개굴,"102,241","102,241"
644,창술,295,다크나이트,말랑,"102,223","102,223"
645,뛰띠,291,에반,새벽,"102,214","102,214"
646,레미슈,289,나이트워커,루루,"102,214","102,214"
647,Room,291,듀얼블레이드,High,"102,212","102,212"
648,닦어,291,듀얼블레이드,불빛,"102,328","102,211"
649,나사,290,보우마스터,악마,"104,713","102,209"
650,장찬구,287,나이트워커,백호,"102,988","102,207"
651,빅뱅심볼,291,비숍,악마,"102,202","102,202"
652,나무망치,291,팔라딘,욘석들,"102,282","102,192"
653,식하,292,듀얼블레이드,미소,"102,249","102,179"
654,탑쑨,294,제논,BOSS,"102,177","102,177"
655,봉봉,290,호영,지존,"102,748","102,166"
656,리르,292,메르세데스,욘석들,"102,263","102,159"
657,Asnah,287,나이트로드,Aura,"103,350","102,155"
658,극이,292,아델,SiniSter,"102,150","102,150"
659,섹슷,291,아크,지존,"103,649","102,115"
660,라뽀뀨,290,아델,사랑,"103,030","102,114"
661,칭티,289,나이트로드,치치,"102,201","102,109"
662,한양대학교,290,바이퍼,리더,"103,854","102,105"
663,세리한나,291,"아크메이지(썬,콜)",백월,"102,802","102,101"
664,사랑의모양,293,"아크메이지(썬,콜)",황혼,"102,181","102,099"
665,플란,290,메르세데스,운명,"102,086","102,086"
666,지로데,291,나이트로드,우아,"102,300","102,083"
667,MCtheMAX,291,아크,희망,"102,134","102,079"
668,세개,290,아란,페브리즈,"102,058","102,058"
669,왼삼,290,윈드브레이커,허니,"102,057","102,057"
670,카벨,290,데몬슬레이어,욘석들,"102,219","102,056"
671,엘더,290,"아크메이지(불,독)",악몽,"102,979","102,053"
672,시름,291,윈드브레이커,루나,"102,415","102,047"
673,춥고,294,아크,타임,"102,174","102,016"
674,해힝,292,팔라딘,악동,"102,007","102,007"
675,김준걸,291,비숍,스타,"102,007","102,007"
676,별왕,296,카데나,Alpha,"101,991","101,991"
677,서경이,295,"아크메이지(불,독)",사해,"101,988","101,988"
678,학급,291,제논,사랑,"101,979","101,979"
679,화잇,288,다크나이트,말랑,"101,972","101,972"
680,보고,291,카데나,BOSS,"102,509","101,958"
681,시계,291,아델,새벽,"101,970","101,952"
682,박유정,287,나이트로드,국화,"101,942","101,942"
683,챠니,292,아델,반달,"101,959","101,942"
684,막쏴,291,보우마스터,세움,"101,978","101,919"
685,추진,292,엔젤릭버스터,태양,"102,850","101,917"
686,밴텀,288,다크나이트,BOSS,"102,694","101,891"
687,로버,291,소울마스터,엘리시움,"101,886","101,886"
688,최지안,290,메르세데스,Class,"104,210","101,882"
689,퍼니,291,윈드브레이커,리더,"101,868","101,868"
690,여대,291,에반,악동,"101,866","101,866"
691,세야,290,데몬슬레이어,달아,"102,452","101,866"
692,순댕,293,캐논슈터,반달,"102,352","101,864"
693,나빗쿠,290,듀얼블레이드,지존,"102,249","101,858"
694,J미누,288,아란,지존,"101,851","101,851"
695,뭉탱,290,비숍,투썸,"101,960","101,822"
696,따잇,290,듀얼블레이드,이별,"102,087","101,821"
697,장복공,290,아란,Alpha,"101,817","101,817"
698,친창,292,에반,루루,"102,083","101,811"
699,퐁뿡,293,"아크메이지(불,독)",푸르내,"101,789","101,789"
700,묵살,290,메르세데스,루루,"101,782","101,782"
701,먹어봐야알지,291,"아크메이지(불,독)",뉴프랜,"101,838","101,782"
702,광기차,292,아크,뚠카롱,"101,773","101,773"
703,환도련님,290,나이트로드,High,"101,764","101,764"
704,17학번,290,듀얼블레이드,지존,"101,868","101,759"
705,다훈,292,비숍,리더,"102,054","101,755"
706,누리아,290,아델,은빛,"102,431","101,752"
707,리조,292,메르세데스,치치,"101,747","101,747"
708,일가,293,비숍,뷰티,"102,197","101,745"
709,왜욧,290,비숍,곰돌,"101,740","101,740"
710,노비,290,미하일,이별,"101,881","101,737"
711,지나,290,"아크메이지(불,독)",사랑,"102,963","101,734"
712,더협,291,캐논슈터,허니,"101,807","101,733"
713,크엄식,291,아크,심쿵,"101,732","101,732"
714,아끼츄,288,키네시스,피나,"101,912","101,710"
715,루영,290,팬텀,쨍쨍,"102,412","101,707"
716,순추,289,"아크메이지(불,독)",MOON,"101,824","101,707"
717,도은격,290,나이트로드,지존,"101,688","101,688"
718,영역,293,에반,Holic,"101,738","101,687"
719,개쎈,295,윈드브레이커,페브리즈,"101,682","101,682"
720,신의아이제로,292,제로,허니,"101,680","101,680"
721,앙A띄,291,나이트로드,봄나들이,"101,679","101,679"
722,앤군,290,비숍,순애,"101,678","101,678"
723,SumireUesaka,290,엔젤릭버스터,뚠카롱,"102,829","101,674"
724,병아리,290,비숍,High,"101,814","101,673"
725,후임,292,아란,Lunes,"101,665","101,665"
726,임형준,295,아델,오순도순,"101,767","101,654"
727,Crowz,289,나이트로드,에띠,"102,070","101,625"
728,메르년,289,메르세데스,스타,"102,836","101,624"
729,키라갱,291,키네시스,BOSS,"101,673","101,624"
730,박준탱,290,나이트워커,BOSS,"101,724","101,623"
731,실사,288,"아크메이지(불,독)",생글,"102,583","101,618"
732,시츠이,285,윈드브레이커,말랑,"104,448","101,618"
733,상기스키,290,아델,BOSS,"101,955","101,599"
734,번더스내치,292,키네시스,퍄퍄,"101,592","101,592"
735,표또,293,나이트로드,최강,"101,847","101,577"
736,휴덕,289,다크나이트,푸딩,"102,532","101,576"
737,WANTED,291,윈드브레이커,은하,"101,614","101,570"
738,윤살아,294,비숍,사랑,"102,047","101,570"
739,엘젝,290,"아크메이지(썬,콜)",토파즈,"102,088","101,555"
740,무작우l작명,290,은월,출발,"102,949","101,544"
741,네장학금,293,블래스터,Lunes,"101,540","101,540"
742,꼴깍,295,듀얼블레이드,소원,"101,538","101,538"
743,성춘,291,윈드브레이커,리더,"101,537","101,537"
744,마루에요,291,듀얼블레이드,SiniSter,"101,537","101,537"
745,쏭콜,293,"아크메이지(썬,콜)",리더,"101,508","101,508"
746,칼날,290,듀얼블레이드,Aura,"101,605","101,508"
747,멍넨,291,아델,자몽,"101,863","101,506"
748,느님,290,듀얼블레이드,피나,"101,496","101,457"
749,동맹,290,듀얼블레이드,물망초,"101,742","101,456"
750,암적,292,나이트로드,스타,"101,453","101,453"
751,성베,291,비숍,허니,"103,157","101,451"
752,청묘,290,칼리,펄어비스,"103,325","101,439"
753,올인원비숍,290,비숍,사랑,"102,492","101,437"
754,겐세이,290,나이트로드,피너,"102,346","101,432"
755,황야,287,나이트로드,지존,"105,731","101,429"
756,키드,293,팬텀,새벽,"101,428","101,428"
757,멍청이,292,엔젤릭버스터,BOSS,"101,423","101,423"
758,시립,289,아델,루루,"103,290","101,414"
759,제미,287,나이트로드,지존,"103,474","101,399"
760,선서,291,비숍,사랑,"101,855","101,396"
761,배주현,293,듀얼블레이드,배찌,"101,484","101,393"
762,겔르,291,팔라딘,도치,"101,393","101,393"
763,쭈꿍기사,290,팔라딘,또밍,"101,475","101,384"
764,치요키치,290,제논,팔레트,"101,450","101,384"
765,쏘니꺼,290,비숍,지존,"101,845","101,381"
766,꿈틀,290,비숍,치치,"101,780","101,379"
767,민군,288,나이트로드,스타,"101,578","101,376"
768,미사카미코토,292,아델,순애,"101,541","101,371"
769,효도,295,엔젤릭버스터,허니,"101,361","101,361"
770,로웰임,290,다크나이트,악마,"102,263","101,353"
771,썰전,292,팔라딘,새벽,"101,349","101,349"
772,AnyCall,292,"아크메이지(불,독)",지존,"101,448","101,331"
773,고마오,286,메르세데스,BOSS,"102,394","101,330"
774,눈꽃요새,290,팔라딘,파티,"101,319","101,319"
775,유럽,288,키네시스,달아,"102,545","101,319"
776,part,290,나이트로드,리더,"101,595","101,317"
777,뽀습,290,아델,당돌,"103,155","101,312"
778,Jelly,289,카데나,미소,"101,586","101,311"
779,탈운,291,히어로,지존,"101,471","101,311"
780,뉴욕치즈,290,엔젤릭버스터,귤풍선,"102,551","101,304"
781,소쿠리,291,호영,도치,"101,302","101,302"
782,적녹,290,"아크메이지(불,독)",불빛,"102,748","101,299"
783,샌드백,290,미하일,수플,"101,246","101,246"
784,플라,290,제논,순애,"101,311","101,242"
785,렌탈,291,아델,코야,"101,402","101,241"
786,제노,291,제논,해피,"101,223","101,223"
787,BaraCuss,290,"아크메이지(썬,콜)",무릉도원,"102,176","101,217"
788,창꿍,287,다크나이트,아리스,"102,276","101,217"
789,엔젤릭블레스,290,제논,깜찍,"101,737","101,214"
790,신강율,293,바이퍼,욘석들,"101,210","101,210"
791,거니,292,나이트워커,지존,"101,309","101,207"
792,리테,294,윈드브레이커,지존,"101,313","101,207"
793,폭우비,290,캡틴,라벨,"102,029","101,205"
794,폭포,290,"아크메이지(불,독)",BOSS,"102,057","101,204"
795,잔디,290,비숍,사랑,"102,211","101,196"
796,기모찌,289,팔라딘,엘로디,"101,357","101,191"
797,익살,292,아크,High,"101,184","101,184"
798,무사꾼,291,듀얼블레이드,미소,"101,182","101,182"
799,이안,290,비숍,달아,"101,731","101,165"
800,국빵,290,"아크메이지(불,독)",송이,"101,448","101,162"
801,구랙,295,"아크메이지(불,독)",지존,"101,160","101,160"
802,내일할일생김,293,아크,새벽,"101,158","101,158"
803,주치의,289,비숍,Alpha,"101,836","101,155"
804,나뮬,291,나이트로드,사랑,"101,349","101,147"
805,광선,296,제논,포로,"101,146","101,146"
806,슈퍼스타,287,윈드브레이커,Wendy,"105,239","101,139"
807,루찌,290,비숍,사랑,"102,533","101,136"
808,랍천,292,아크,사랑,"101,731","101,124"
809,차호,291,배틀메이지,앙금,"101,116","101,116"
810,븀찬,292,아크,뚠카롱,"101,519","101,116"
811,해죵,289,히어로,디즈니,"101,642","101,108"
812,팸뀨,290,비숍,낮밤,"101,223","101,107"
813,콩숲,289,섀도어,운명,"101,088","101,088"
814,월세,294,듀얼블레이드,바다,"101,085","101,085"
815,과한,290,"아크메이지(썬,콜)",반달,"101,725","101,054"
816,식초,295,듀얼블레이드,지존,"101,072","101,052"
817,낙엽,290,나이트로드,아씨,"102,162","101,035"
818,아린,290,팬텀,푸들,"101,024","101,024"
819,뛴뛴,290,비숍,페브리즈,"101,126","101,014"
820,천화린,290,나이트로드,지존,"101,873","101,013"
821,잇퓨,290,팬텀,장난감,"101,001","101,001"
822,협삐,290,듀얼블레이드,헤로인,"101,469","101,000"
823,아이쨩,287,캡틴,시대,"101,872","100,988"
824,블레이드당,290,섀도어,세련,"101,060","100,979"
825,렙빨,290,"아크메이지(불,독)",운명,"100,971","100,971"
826,ArtF4,290,제로,로밍,"100,958","100,958"
827,비보,292,듀얼블레이드,송이,"100,956","100,956"
828,레피러스,287,호영,시동,"101,467","100,943"
829,에보,291,나이트로드,불빛,"101,349","100,940"
830,진이꼬야옹,287,일리움,치즈,"101,533","100,932"
831,증인,287,은월,불빛,"104,254","100,924"
832,무출,294,엔젤릭버스터,지존,"100,909","100,909"
833,딛반,289,팬텀,로안,"101,535","100,899"
834,록리,294,아란,Cozy,"100,898","100,898"
835,청랑,288,아란,ELIXIR,"102,894","100,897"
836,최윤석,290,나이트로드,Cross,"101,097","100,895"
837,존네,290,데몬슬레이어,반달,"100,889","100,889"
838,또롱,290,비숍,리더,"100,944","100,885"
839,시급,291,나이트로드,베프,"100,883","100,883"
840,쟌엿,289,듀얼블레이드,스타,"101,237","100,879"
841,씨콜,290,카이저,프라하,"101,695","100,875"
842,seul,288,나이트로드,디즈니,"101,736","100,852"
843,매주오열,289,은월,치즈,"100,850","100,850"
844,김문민,291,듀얼블레이드,합동,"101,255","100,849"
845,수소,293,메르세데스,욘석들,"100,846","100,846"
846,아옥,290,와일드헌터,지존,"102,493","100,839"
847,똥맛,291,호영,엘리시움,"100,942","100,837"
848,롬댜,290,듀얼블레이드,스타,"101,032","100,836"
849,범개,290,"아크메이지(불,독)",사랑,"100,951","100,833"
850,해린,293,비숍,반달,"101,689","100,821"
851,안해,291,제로,엔드,"101,240","100,819"
852,화살a,290,보우마스터,틱틱,"101,682","100,807"
853,뇌리우스,292,칼리,까망,"101,087","100,804"
854,명탐,292,아델,말랑,"100,778","100,778"
855,곧회계사,290,엔젤릭버스터,반달,"100,770","100,770"
856,쇄벽,290,제로,욘석들,"101,648","100,769"
857,도검,289,듀얼블레이드,Visual,"102,529","100,761"
858,셀유,290,아크,반달,"101,643","100,755"
859,윈븜,291,윈드브레이커,리더,"100,743","100,743"
860,몽둥기,292,다크나이트,Fairplay,"100,742","100,742"
861,혼수상태,290,듀얼블레이드,로밍,"101,021","100,733"
862,우주소년바이,288,캐논슈터,송이,"101,136","100,726"
863,크리바인드,287,제로,무빙,"103,652","100,701"
864,끄레,291,나이트로드,MAXIMUM,"100,982","100,689"
865,독스,289,"아크메이지(불,독)",Accompany,"101,368","100,681"
866,이듀,291,팬텀,High,"100,770","100,680"
867,김풩쓰,289,카인,출발,"101,367","100,671"
868,나워이지여,289,나이트워커,반하나,"101,165","100,669"
869,배려,288,듀얼블레이드,리더,"100,666","100,666"
870,선우,291,나이트로드,토끼,"100,645","100,645"
871,더구,290,나이트로드,사랑,"102,338","100,634"
872,섀도어나얼,292,섀도어,사랑,"100,630","100,630"
873,따여,290,은월,뉴프랜,"101,685","100,627"
874,쓰까,293,제논,바다,"100,624","100,624"
875,소올,290,은월,망고,"100,741","100,617"
876,예롬,290,메르세데스,디즈니,"101,097","100,608"
877,강남역셰프pc,291,나이트로드,페브리즈,"100,696","100,603"
878,전기,293,"아크메이지(썬,콜)",유대,"100,598","100,598"
879,승이,288,비숍,엘리시움,"100,590","100,590"
880,하트빠방아크,291,아크,디즈니,"101,465","100,588"
881,작주,290,나이트로드,수월,"101,701","100,581"
882,모래시계,292,아란,슬픔,"101,437","100,578"
883,학경,288,듀얼블레이드,여백,"101,595","100,565"
884,처키,290,메르세데스,어흥,"101,440","100,564"
885,xesg,295,듀얼블레이드,이별,"100,563","100,563"
886,카저보,288,카이저,TheQuBic,"101,998","100,559"
887,프렌,291,제논,High,"100,846","100,549"
888,챠분,290,엔젤릭버스터,화원,"101,928","100,544"
889,내로,294,은월,반달,"100,728","100,536"
890,패스구상,291,패스파인더,Imperium,"100,520","100,520"
891,푸른청룡룡,290,엔젤릭버스터,요망,"100,512","100,512"
892,예능,291,플레임위자드,루루,"100,542","100,507"
893,뱌나,292,윈드브레이커,어라,"100,496","100,496"
894,현뚜까,290,아크,송이,"100,496","100,496"
895,맹쿠,290,"아크메이지(불,독)",사랑,"100,489","100,489"
896,쏭은혁,290,다크나이트,큐트,"100,474","100,474"
897,테한,290,바이퍼,라라,"100,473","100,473"
898,설뀨밍,290,"아크메이지(썬,콜)",총총,"101,053","100,463"
899,지웅,292,"아크메이지(불,독)",허니,"101,004","100,453"
900,펄이,291,듀얼블레이드,유대,"100,466","100,446"
901,초록빛,291,윈드브레이커,출구,"100,435","100,435"
902,제천시,290,나이트로드,투썸,"100,467","100,430"
903,박벙버,290,블래스터,사랑,"100,577","100,408"
904,박주호,290,아란,반달,"100,543","100,403"
905,태윤,289,듀얼블레이드,허니,"100,858","100,392"
906,셕궁,290,신궁,BOSS,"100,661","100,389"
907,단소,292,듀얼블레이드,치쯔,"100,736","100,388"
908,사류,292,칼리,디즈니,"100,387","100,387"
909,핫지니안서요,292,아란,서월,"100,386","100,386"
910,다텔,291,"아크메이지(불,독)",BOSS,"100,673","100,380"
911,oI랑,291,윈드브레이커,샤방,"100,471","100,364"
912,뤼콜,290,라라,뷰티,"101,085","100,363"
913,벨벨,296,스트라이커,아르테미스,"100,363","100,363"
914,키일,290,아델,커닝,"101,648","100,357"
915,냉모노,290,아크,반달,"100,405","100,356"
916,엘클,290,나이트로드,스타,"100,354","100,354"
917,모피,290,비숍,바람,"100,346","100,346"
918,내일은햇살,290,섀도어,지존,"100,613","100,339"
919,놀림,292,다크나이트,지존,"100,328","100,328"
920,Slavia,290,비숍,사랑,"100,757","100,323"
921,지사,292,나이트로드,헤로인,"100,323","100,323"
922,스핑,290,아델,헤로인,"100,493","100,318"
923,메창섭,291,라라,BOSS,"100,302","100,302"
924,이뽀,290,비숍,송이,"100,434","100,294"
925,낫드,285,듀얼블레이드,사랑,"105,822","100,290"
926,구희,291,히어로,디즈니,"101,931","100,279"
927,멍냥숍숍,291,비숍,추억,"100,279","100,279"
928,이영지,294,엔젤릭버스터,재획,"100,271","100,271"
929,맹끈이,290,"아크메이지(불,독)",반달,"100,270","100,270"
930,일짱,289,윈드브레이커,BOSS,"100,736","100,270"
931,치쏘,290,제로,지존,"100,422","100,261"
932,깔시,288,나이트로드,달아,"100,329","100,256"
933,티엘,291,보우마스터,페브리즈,"100,863","100,251"
934,떠나,290,섀도어,LOVE,"100,276","100,249"
935,안마,291,"아크메이지(불,독)",지존,"101,400","100,248"
936,닷세,290,데몬어벤져,디즈니,"100,575","100,248"
937,프론,290,섀도어,Real,"100,596","100,239"
938,파리,292,섀도어,해피,"100,239","100,239"
939,Bona,291,비숍,지존,"100,237","100,237"
940,우멍,290,라라,디즈니,"102,444","100,234"
941,줄줄,292,나이트로드,Shiny,"100,227","100,227"
942,쎄쎄,291,히어로,프로포즈,"102,294","100,219"
943,주뉴,289,루미너스,지존,"100,933","100,212"
944,빙규,291,나이트로드,루나,"100,296","100,203"
945,리케아,292,"아크메이지(불,독)",뭇별,"101,012","100,198"
946,동다다,288,데몬어벤져,사랑,"100,219","100,195"
947,쪼릉,290,비숍,사랑,"101,009","100,174"
948,가프새도,287,섀도어,로밍,"100,200","100,173"
949,충격파,292,블래스터,스타,"100,224","100,170"
950,Face1ess,290,히어로,루나,"102,164","100,163"
951,인자강,290,제논,Class,"101,618","100,157"
952,숫기,294,플레임위자드,BOSS,"100,191","100,156"
953,혀띵,291,나이트로드,지존,"100,451","100,148"
954,현뀨왕,291,비숍,파티,"100,142","100,142"
955,탠워,290,나이트워커,리더,"100,141","100,141"
956,하위,290,나이트로드,치치,"100,141","100,141"
957,동성로,291,은월,얼짱,"100,266","100,140"
958,신진골,293,아델,치치,"100,135","100,135"
959,졸린헤헤,290,아델,피노,"100,151","100,133"
960,예성,292,나이트로드,우주,"100,131","100,131"
961,구함,290,섀도어,Cartier,"101,895","100,119"
962,모봄아,287,보우마스터,욘석들,"101,478","100,098"
963,거칠어,292,아델,반달,"100,095","100,095"
964,꿀복,290,메르세데스,영혼,"100,799","100,092"
965,솔찐,288,아델,허니,"100,603","100,084"
966,조영찬,291,카데나,가온,"100,078","100,078"
967,수속,293,메카닉,Lunes,"100,075","100,075"
968,첫눈봄,286,나이트로드,어울누리,"101,623","100,073"
969,서용,292,비숍,하얀구름,"100,124","100,071"
970,악콩,289,호영,딱찌,"101,249","100,066"
971,빈속,291,"아크메이지(불,독)",키즈,"100,060","100,060"
972,기함,291,캡틴,악마,"100,176","100,042"
973,찌릿,290,"아크메이지(썬,콜)",지존,"100,042","100,042"
974,참살,289,듀얼블레이드,포스,"100,219","100,041"
975,김지한,290,은월,Pluto,"100,162","100,037"
976,민하율,291,비숍,허니,"100,395","100,036"
977,윙몽밍,290,아델,새내기,"100,077","100,022"
978,아낫,290,아란,사랑,"100,354","100,022"
979,피노,292,패스파인더,만지회,"100,477","100,018"
980,골드쉽,289,제논,은하,"100,163","100,007"
981,찌스,290,"아크메이지(썬,콜)",리더,"100,066","100,007"
982,노어,291,데몬어벤져,사과,"100,499","100,000"
